NN Archi.,#Br.,LR,Batch,#Layers,#Neurons,#Epochs,#EpochsRan,AUC,Sigif.,File
"[50, 50, 50, 1]",9,0.01,570,4,151,5,5,0.854585,0.331,2020_09_02_rocDataNN_22.20.35.csv
"[150, 100, 50, 1]",9,0.01,570,4,301,150,22,0.829371,0.338,2020_09_02_rocDataNN_22.54.17.csv
"[10, 10, 1]",9,0.01,570,3,21,150,24,0.854716,0.361,2020_09_02_rocDataNN_23.07.23.csv
"[10, 10, 5, 5, 3, 2, 1]",9,0.001,570,7,36,150,15,0.855001,0.262,2020_09_03_rocDataNN_02.01.20.csv
"[25, 20, 15, 10, 5, 2, 1]",9,0.001,570,7,78,150,20,0.852983,0.280,2020_09_03_rocDataNN_11.08.32.csv
